url,template_class,seo_title,seo_desc,hero_h1,hero_subtext,content_json,cta_text
/3-luu-y-danh-cho-phu-huynh-khi-tim-truong-mam-non-quoc-te-o-go-vap/,Class Parent Hub Article,3 Lưu Ý Chọn Trường Mầm Non Quốc Tế Gò Vấp | Việt Anh,"Hướng dẫn phụ huynh Gò Vấp 3 tiêu chí cốt lõi khi chọn trường mầm non quốc tế cho bé: Không áp lực ảo, phát triển tự chủ và tiếng Anh thực dụng.",3 Lưu Ý Quan Trọng Khi Tìm Trường Mầm Non Quốc Tế Tại Gò Vấp,Giúp ba mẹ dễ dàng lựa chọn môi trường học tập hạnh phúc và phù hợp nhất cho chặng đường đầu đời của con.,"[{""type"": ""paragraph"", ""content"": ""Tìm kiếm một trường mầm non quốc tế uy tín tại Gò Vấp là mối quan tâm hàng đầu của nhiều phụ huynh. Để giúp con có môi trường phát triển tốt nhất mà không bị áp lực, ba mẹ cần lưu ý 3 yếu tố cốt lõi sau đây.""}, {""type"": ""heading-2"", ""content"": ""1. Môi trường học tập hạnh phúc, không áp lực ảo""}, {""type"": ""paragraph"", ""content"": ""Trẻ mầm non cần tình yêu thương và sự an toàn. Một ngôi trường lý tưởng là nơi con được tôn trọng nhịp độ phát triển riêng, không bị ép buộc nhồi nhét kiến thức. Tại Trường Việt Anh, triết lý 'học sinh hạnh phúc' luôn được ưu tiên hàng đầu.""}, {""type"": ""heading-2"", ""content"": ""2. Phương pháp rèn luyện sự tự chủ""}, {""type"": ""paragraph"", ""content"": ""Thay vì chỉ chăm sóc thụ động, trường mầm non cần là nơi dạy trẻ kỹ năng tự phục vụ, tự ra quyết định trong các hoạt động nhỏ. Hệ thống PDR (Phát triển cá nhân) của Việt Anh giúp theo dõi và khích lệ tính tự chủ của trẻ mỗi ngày.""}, {""type"": ""heading-2"", ""content"": ""3. Môi trường tiếng Anh tự nhiên & Xe đưa rước tiện lợi""}, {""type"": ""paragraph"", ""content"": ""Tiếng Anh nên được tiếp thu qua giao tiếp và vui chơi. Bên cạnh đó, với giao thông tại Gò Vấp, việc trường có hệ thống xe đưa rước an toàn tận nhà sẽ giúp ba mẹ tiết kiệm thời gian đáng kể.""}]",Đặt Lịch Tham Quan Mầm Non Việt Anh Gò Vấp
/hoc-phi-truong-mam-non-quoc-te-o-go-vap-bao-nhieu/,Class Parent Hub Article,Học Phí Trường Mầm Non Quốc Tế Tại Gò Vấp Mới Nhất,"Tham khảo mức học phí các trường mầm non quốc tế tại Gò Vấp. Đánh giá chất lượng giảng dạy, cơ sở vật chất và giá trị thực dụng mang lại cho bé.",Học Phí Trường Mầm Non Quốc Tế Ở Gò Vấp Bao Nhiêu?,Phân tích cấu trúc học phí và những giá trị phụ huynh nhận được khi đầu tư giáo dục mầm non chất lượng cao cho con.,"[{""type"": ""paragraph"", ""content"": ""Mức học phí mầm non quốc tế tại Gò Vấp dao động khá lớn tùy thuộc vào chương trình học và cơ sở vật chất. Tuy nhiên, điều phụ huynh cần quan tâm không chỉ là con số, mà là 'giá trị thực dụng' con nhận được.""}, {""type"": ""heading-2"", ""content"": ""Học phí thường bao gồm những gì?""}, {""type"": ""paragraph"", ""content"": ""Thông thường, học phí sẽ bao gồm phí chính khóa (chương trình tiếng Anh, kỹ năng), tiền ăn, phí bán trú. Ngoài ra, phụ huynh cần lưu ý phí xe đưa rước, đồng phục và ngoại khóa.""}, {""type"": ""heading-2"", ""content"": ""Đầu tư xứng đáng tại Trường Việt Anh""}, {""type"": ""paragraph"", ""content"": ""Với mức học phí minh bạch, Trường Việt Anh cam kết mang lại một hành trình học tập liên cấp chất lượng. Trẻ được đắm mình trong môi trường giao tiếp tiếng Anh, phát triển thể chất và tinh thần vui vẻ, không áp lực.""}, {""type"": ""faq"", ""question"": ""Học phí mầm non Việt Anh có tăng hàng năm không?"", ""answer"": ""Trường luôn nỗ lực giữ mức học phí ổn định để đồng hành tài chính dài hạn cùng phụ huynh.""}, {""type"": ""faq"", ""question"": ""Có chính sách giảm học phí cho anh chị em không?"", ""answer"": ""Có. Gia đình có từ 2 bé trở lên theo học tại hệ thống Việt Anh sẽ nhận được ưu đãi đặc biệt.""}]",Nhận Bảng Học Phí Chi Tiết Ngay
/top-5-truong-mam-non-o-go-vap-uy-tin-tim-truong-mau-giao/,Class Local Intent Landing,Top Trường Mầm Non Uy Tín Tại Gò Vấp | Việt Anh,Danh sách các trường mầm non uy tín tại Gò Vấp. Tại sao Trường Việt Anh Cơ sở Phan Huy Ích là lựa chọn hàng đầu cho sự phát triển hạnh phúc của con?,Top Các Trường Mầm Non Uy Tín Tại Gò Vấp,Khám phá tiêu chí đánh giá trường mầm non tốt và lý do Trường Việt Anh được nhiều phụ huynh Gò Vấp tin chọn.,"[{""type"": ""paragraph"", ""content"": ""Quận Gò Vấp có rất nhiều hệ thống mầm non, từ tư thục đến quốc tế. Để chọn đúng trường, phụ huynh thường xem xét 3 yếu tố: Cơ sở vật chất, Phương pháp giáo dục và Đội ngũ giáo viên.""}, {""type"": ""heading-2"", ""content"": ""Trường Mầm Non Việt Anh (Cơ sở Phan Huy Ích)""}, {""type"": ""paragraph"", ""content"": ""Nổi bật trong hệ thống giáo dục tại Gò Vấp, Việt Anh mang đến môi trường học tập tiên tiến với triết lý đào tạo thực dụng và hạnh phúc. Chúng tôi tin rằng tiếng Anh và sự tự chủ cần được ươm mầm từ những ngày đầu tiên con đến lớp.""}, {""type"": ""bullet-list"", ""items"": [""Cơ sở vật chất hiện đại, chan hòa ánh sáng tự nhiên."", ""Chương trình học tiếng Anh chuẩn quốc tế không áp lực."", ""Đội ngũ giáo viên giàu tình thương và nghiệp vụ giỏi."", ""Hệ thống xe đưa rước an toàn, phủ khắp các tuyến đường Gò Vấp.""]}]",Bố Trí Lịch Tham Quan Cơ Sở Gò Vấp
/10-bai-hoc-ve-tien-bac-can-day-tre/,Class Parent Hub Article,10 Bài Học Về Tiền Bạc Cần Dạy Trẻ Để Phát Triển Tự Chủ,Dạy trẻ quản lý tài chính từ sớm là cách tốt nhất để rèn luyện kỹ năng tự chủ. Khám phá 10 bài học tiền bạc thiết thực dành cho học sinh.,10 Bài Học Về Tiền Bạc Cần Dạy Trẻ Từ Sớm,"Kỹ năng tài chính không chỉ là quản lý tiền, mà là nền tảng để con cái hình thành thói quen rèn luyện sự tự chủ trong cuộc sống.","[{""type"": ""paragraph"", ""content"": ""Rèn luyện tư duy tài chính cho trẻ ngay từ lúc còn ngồi trên ghế nhà trường không hề tạo 'áp lực ảo', mà ngược lại, đó là một kỹ năng sống cực kỳ thực dụng. Tại hệ thống Trường Việt Anh, chúng tôi luôn khuyến khích phát triển 10 bài học nền tảng sau để rèn luyện ý thức tự chủ cho học sinh.""}, {""type"": ""heading-2"", ""content"": ""1. Hiểu giá trị của sức lao động""}, {""type"": ""paragraph"", ""content"": ""Trẻ cần hiểu tiền không tự nhiên sinh ra. Bố mẹ có thể giao cho con các công việc nhỏ ngoài việc học để con nhận được 'tiền công' hợp lý.""}, {""type"": ""heading-2"", ""content"": ""2. Phân biệt giữa 'Cần' và 'Muốn'""}, {""type"": ""paragraph"", ""content"": ""Dạy con cách suy nghĩ trước khi chi tiêu. Điều này đặc biệt được áp dụng trong giáo dục tại Việt Anh, nơi trẻ học cách quyết định độc lập.""}, {""type"": ""heading-2"", ""content"": ""8 bài học quản lý tiền cơ bản khác""}, {""type"": ""bullet-list"", ""items"": [""Lập ngân sách cá nhân từ khoản tiêu vặt."", ""Sức mạnh của việc tiết kiệm dài hạn (Lãi kép)."", ""Hiểu về thẻ tín dụng và nợ xấu."", ""Chia sẻ (Charity) cũng là một phần tài chính cá nhân."", ""Mua sắm thông minh: So sánh giá và chất lượng."", ""Lên kế hoạch cho các mục tiêu lớn."", ""Bảo vệ thông tin cá nhân trên môi trường mạng."", ""Học cách nói 'Không' trước những cám dỗ chi tiêu.""]}]",Tìm Hiểu Triết Lý Giáo Dục Thực Dụng Việt Anh
/10-bai-hoc-y-nghia-de-ban-truong-thanh-hon/,Class Parent Hub Article,10 Bài Học Ý Nghĩa Giúp Học Sinh Trưởng Thành Hơn | Việt Anh,"Hành trình trưởng thành cần sự đồng hành. 10 bài học ý nghĩa về sự nỗ lực, tình bạn và tính tự chủ giúp học sinh tự tin bước vào đời.",10 Bài Học Ý Nghĩa Để Hành Trang Trưởng Thành Trọn Vẹn Hơn,"Trưởng thành không đo bằng tuổi tác, mà đo bằng khả năng chịu trách nhiệm và sống hạnh phúc mỗi ngày.","[{""type"": ""paragraph"", ""content"": ""Trong quá trình đồng hành cùng hàng ngàn học sinh liên cấp, Trường Việt Anh nhận thấy trưởng thành là một hành trình cần rèn luyện. Dưới đây là 10 bài học quý giá nhất.""}, {""type"": ""heading-2"", ""content"": ""Tự chủ: Chìa khóa của trưởng thành""}, {""type"": ""paragraph"", ""content"": ""Điều quan trọng nhất là biết mình muốn gì và chịu trách nhiệm với lựa chọn đó. Tại Việt Anh, với chương trình PDR, học sinh được trao quyền để xây dựng lộ trình bản thân.""}, {""type"": ""heading-2"", ""content"": ""Các bài học cốt lõi""}, {""type"": ""bullet-list"", ""items"": [""Thất bại là một dạng phản hồi, không phải kết thúc."", ""Giao tiếp tiếng Anh tốt mở ra nhiều cánh cửa cơ hội."", ""Hạnh phúc là một kỹ năng có thể học được."", ""Biết ơn những điều nhỏ bé nhất.""]}]",Đăng Ký Tư Vấn Lộ Trình Học Tập Tự Chủ
/10-bi-quyet-hoc-tieng-anh-hieu-qua/,Class Parent Hub Article,10 Bí Quyết Học Tiếng Anh Hiệu Quả Không Áp Lực Dành Cho Học Sinh,"Khám phá 10 bí quyết học tiếng Anh giao tiếp chuẩn, thực dụng và học vui vẻ dành cho học sinh phổ thông. Hệ thống Trường Việt Anh chia sẻ kinh nghiệm.",10 Bí Quyết Học Tiếng Anh Khởi Đầu Thực Dụng,"Với phương pháp học sinh được thực chiến ngôn ngữ thay vì học thuộc lòng ngữ pháp, tiếng Anh trở thành vũ khí tự nhiên.","[{""type"": ""paragraph"", ""content"": ""Là một ngôi trường chuyên Anh, Việt Anh School luôn tin rằng để làm chủ tiếng Anh, học sinh không cần bị nhồi nhét. Dưới đây là 10 bí quyết để tiếng Anh tiến bộ tự nhiên.""}, {""type"": ""heading-2"", ""content"": ""Nhúng mình vào môi trường Tiếng Anh (Immersion)""}, {""type"": ""paragraph"", ""content"": ""Nghe nhạc, xem phim, tham gia các hoạt động ngoại khóa bằng tiếng Anh là cách nhanh nhất. Tại Việt Anh, học sinh sử dụng tiếng Anh như ngôn ngữ thứ 2 hàng ngày.""}, {""type"": ""heading-2"", ""content"": ""Không sợ sai khi giao tiếp""}, {""type"": ""paragraph"", ""content"": ""Lỗi sai là cơ hội học tập. Hãy tập trung vào việc nói sao cho đối phương hiểu (Communication) thay vì sự hoàn hảo ngữ pháp tuyệt đối (Perfection).""}, {""type"": ""faq"", ""question"": ""Học sinh Việt Anh đạt chuẩn tiếng Anh thế nào?"", ""answer"": ""Cam kết IELTS 6.0 trở lên khi ra trường, giúp các em tự tin du học hoặc ứng tuyển các đại học top đầu.""}]",Khám Phá Chương Trình Chuyên Anh
/10-buoc-chuan-bi-hieu-qua-cho-ky-thi-thpt-quoc-gia/,Class Parent Hub Article,"10 Bước Ôn Thi THPT Quốc Gia Hiệu Quả, Không Áp Lực | Việt Anh","Hướng dẫn chi tiết 10 bước chuẩn bị cho kỳ thi THPT Quốc gia để đạt điểm cao mà vẫn đảm bảo học sinh học vui vẻ, khỏe mạnh, không áp lực ảo.",10 Bước Ôn Thi THPT Quốc Gia Điềm Tĩnh & Hiệu Quả,"Chinh phục kỳ thi quan trọng nhất hệ phổ thông với lộ trình khoa học, từ bỏ nhồi nhét và tăng cường tính tự chủ học tập.","[{""type"": ""paragraph"", ""content"": ""Kỳ thi THPT Quốc gia luôn đem lại nhiều áp lực. Tuy nhiên, theo định vị của Việt Anh, học thuật không bao giờ nên gắn liền với 'áp lực ảo'. Việc thi tốt đến từ phương pháp lập kế hoạch thực dụng.""}, {""type"": ""heading-2"", ""content"": ""Lập kế hoạch phân bổ thời gian (Time Management)""}, {""type"": ""paragraph"", ""content"": ""Biết chia nhỏ khối lượng bài tập theo tuần và ngày giúp học sinh không bị đuối sức. Sử dụng sơ đồ mindmap và flashcard để tối ưu trí nhớ.""}, {""type"": ""heading-2"", ""content"": ""Luyện đề thực chiến""}, {""type"": ""paragraph"", ""content"": ""Làm quen với cấu trúc đề và rèn áp lực thời gian trong phòng thi. Kết hợp giải lao để giữ trạng thái tinh thần tốt nhất.""}]",Tham Khảo Lộ Trình THPT Tại Việt Anh
/ngay-hoi-tu-van-tuyen-sinh-huong-nghiep-2023/,Class News & Events Hub / PR,Sự kiện: Ngày Hội Tư Vấn Tuyển Sinh Và Hướng Nghiệp,"Đọc lại các hoạt động nổi bật trong Sự kiện tư vấn tuyển sinh hướng nghiệp, tìm hướng đi tương lai cùng lộ trình chuẩn chuyên Anh.",Nhìn Lại: Ngày Hội Tư Vấn Tuyển Sinh & Hướng Nghiệp,"Giúp học sinh cấp 3 trang bị những thông tin thực dụng nhất về chọn ngành, chọn nghề trong tương lai định hướng kỷ nguyên số.","[{""type"": ""paragraph"", ""content"": ""Hàng năm, Trường Việt Anh liên tục tổ chức các sự kiện tư vấn hướng nghiệp kết hợp với đại diện các đại học lớn để mở rộng góc nhìn cho học sinh THPT.""}, {""type"": ""heading-2"", ""content"": ""Chọn nghề sao cho tự chủ? ""}, {""type"": ""paragraph"", ""content"": ""Trường luôn nhấn mạnh việc học sinh cần chủ động nghiên cứu thị trường lao động. Không chạy theo ngành 'hot' mà tìm kiếm ngành phù hợp thế mạnh cá nhân qua hệ thống theo dõi PDR.""}]",Đăng Ký Tham Gia Sự Kiện Sắp Tới
/10-bua-an-trua-truong-hoc-cua-cac-quoc-gia-tren-the-gioi/,Class Parent Hub Article,Khám Phá Bữa Ăn Trưa Trường Học Khắp Thế Giới | Bán Trú Việt Anh,"Dinh dưỡng học đường là yếu tố cốt lõi giúp học sinh khỏe mạnh, hạnh phúc. Tìm hiểu những bữa ăn học đường thú vị nhất và chế độ tại Trường Việt Anh.",Bữa Ăn Học Đường Các Nước Và Tầm Quan Trọng Của Dinh Dưỡng Dành Cho Học Sinh,Sự chú trọng vào sức khoẻ thể chất đóng vai trò sống còn trong việc tạo ra những giờ học vui vẻ và trí tuệ minh mẫn.,"[{""type"": ""paragraph"", ""content"": ""Một bữa trưa ngon miệng không chỉ nạp năng lượng mà còn là giờ phút thư giãn của học sinh. Từ những khay cơm tại Nhật Bản đến bánh mì baguette tại Pháp, mỗi nền giáo dục có một cách chăm sóc khác nhau.""}, {""type"": ""heading-2"", ""content"": ""Dịch Vụ Bán Trú Tại Trường Việt Anh""}, {""type"": ""paragraph"", ""content"": ""Tại Việt Anh, chúng tôi đề cao 2 tiêu chí cho bữa sáng và trưa: Vệ sinh thực phẩm và hàm lượng dinh dưỡng cân đối. Bếp ăn được giám sát khắt khe, mang tới cho học sinh bữa ăn giống như cơm nhà, giúp các em có thêm năng lượng hạnh phúc mỗi ngày.""}]",Tìm Hiểu Dịch Vụ Bán Trú Học Đường
/10-dai-hoc-hang-dau-chau-a/,Class Parent Hub Article,Danh Sách 10 Trường Đại Học Hàng Đầu Châu Á Cho Du Học Sinh,"Tổng hợp điểm mạnh của các trường đại học top châu Á: NUS, Tsinghua,... và lý do lộ trình du học châu Á đang thu hút học sinh Việt Nam.",Top 10 Đại Học Hàng Đầu Châu Á Cho Mục Tiêu Du Học,Môi trường học tập gần gũi văn hoá nhưng đẳng cấp quốc tế đang là xu hướng lựa chọn thực dụng của phụ huynh.,"[{""type"": ""paragraph"", ""content"": ""Việc học tiếp lên đại học nước ngoài là mục tiêu của nhiều gia đình. Châu Á ngày càng sở hữu những trường lọt top 100 thế giới như NUS (Singapore), Thanh Hoa (Trung Quốc) hay Đại học Tokyo.""}, {""type"": ""heading-2"", ""content"": ""Sự chuẩn bị tiếng Anh và tự chủ""}, {""type"": ""paragraph"", ""content"": ""Để sẵn sàng bước vào giảng đường quốc tế, học thuật là chưa đủ. Học sinh cần rèn dũa sự tự chủ trong cuộc sống cá nhân, khả năng giao tiếp, và nền tảng IELTS 6.0+ vững chắc ngay từ bậc THPT.""}]",Tư Vấn Lộ Trình Luyện Thi IELTS Đồng Hành Cùng Du Học
/10-dai-hoc-my-co-chuong-trinh-thuc-tap-hap-dan/,Class Parent Hub Article,10 Trường Đại Học Mỹ Có Chương Trình Thực Tập (Co-op) Hấp Dẫn Nhất,Chương trình thực tập Co-op mang lại lợi thế nghề nghiệp thực dụng khổng lồ cho sinh viên. Khám phá 10 trường Mỹ tốt nhất cho chương trình này.,10 Đại Học Mỹ Sở Hữu Chương Trình Thực Tập Rất Hấp Dẫn,Cách tối ưu hóa bằng cấp và cơ hội việc làm thông qua mô hình Co-op - Lựa chọn hàng đầu cho gen Z hướng đến sự nghiệp thực dụng.,"[{""type"": ""paragraph"", ""content"": ""Mô hình Cooperative Education (Co-op) cho phép sinh viên đan xen học lý thuyết với thực tế làm việc hưởng lương tại các doanh nghiệp. Northeastern University, Drexel University là những ví dụ tiêu biểu.""}, {""type"": ""heading-2"", ""content"": ""Tư duy 'thực dụng' trong định hướng nghề nghiệp""}, {""type"": ""paragraph"", ""content"": ""Trường Việt Anh luôn tư vấn cho học sinh các chiến lược du học tối ưu chi phí và gia tăng năng lực thực tế. Thay vì chỉ chú trọng lý thuyết hàn lâm, mô hình thực tập từ sớm giúp học sinh có CV vượt trội khi ra trường.""}]",Liên Hệ Bộ Phận Hướng Nghiệp Du Học
/10-dieu-can-biet-khi-du-hoc-nga/,Class Parent Hub Article,10 Điều Phụ Huynh Và Học Sinh Cần Biết Khi Du Học Nga,"Cẩm nang 10 điều thiết yếu trước khi quyết định du học Nga: Thời tiết, quy trình visa, chương trình song ngữ và cộng đồng sinh viên.",10 Lưu Ý Bỏ Túi Dành Cho Hành Trình Du Học Nga,"Hành trang tri thức, sức khỏe và văn hóa giúp học sinh vững vàng trong chuyến đi dài tới xứ sở Bạch Dương.","[{""type"": ""paragraph"", ""content"": ""Nga sở hữu nhiều học bổng toàn phần hấp dẫn. Tuy nhiên, rào cản thời tiết mùa đông khắc nghiệt và ngôn ngữ cần được cân nhắc kỹ lưỡng.""}, {""type"": ""heading-2"", ""content"": ""Tự lập tại môi trường mới""}, {""type"": ""paragraph"", ""content"": ""Đối mặt với khó khăn nơi xứ người là lúc bản lĩnh tự lập được phát huy mạnh mẽ nhất. Sự rèn giũa năng lực sinh tồn và kết bạn từ khi còn học phổ thông rất cần thiết.""}]",Tìm Đầu Ra Phù Hợp Cho Con Ngay Tại THPT
/10-dieu-can-luu-y-khi-du-hoc-tai-anh/,Class Parent Hub Article,10 Điều Cần Lưu Ý Khi Lựa Chọn Du Học Tại Vương Quốc Anh (UK),"Hành trang vững chắc để du học tại Anh Quốc: Chuẩn bị hồ sơ, thi IELTS và cách làm quen với nền giáo dục có tuổi đời lâu năm.",Hành Trang Du Học Anh Quốc: 10 Điều Không Thể Bỏ Qua,Sự chuẩn bị sớm về IELTS và định hướng A-Level hoặc Foundation sẽ giúp học sinh cắt giảm tối đa áp lực khi đi du học Anh Quốc.,"[{""type"": ""paragraph"", ""content"": ""Anh Quốc (UK) với những đại học danh tiếng luôn đòi hỏi yêu cầu đầu vào nghiêm ngặt, đặc biệt ở khía cạnh ngôn ngữ và bài luận (Personal Statement).""}, {""type"": ""heading-2"", ""content"": ""Chứng chỉ Tiếng Anh là 'tấm vé vàng'""}, {""type"": ""paragraph"", ""content"": ""Trường Việt Anh đảm bảo năng lực Tiếng Anh (IELTS) của học sinh ngay trong khung chương trình nội khoá, giúp các gia đình khỏi phải lo lắng việc cho con đi luyện thi ở trung tâm bên ngoài, đồng thời giữ được môi trường học vui vẻ.""}]",Xem Câu Chuyện Học Sinh Du Học Anh Của Việt Anh
