PageURL,OriginalImageURL,SEOWebPFileName
https://truongvietanh.com,https://truongvietanh.com/wp-content/uploads/2024/12/logo-foot.svg,trang-chu-1.webp
https://truongvietanh.com,https://truongvietanh.com/wp-content/uploads/2024/12/fb.svg,trang-chu-2.webp
https://truongvietanh.com,https://truongvietanh.com/wp-content/uploads/2024/12/ytb.svg,trang-chu-3.webp
https://truongvietanh.com,https://truongvietanh.com/wp-content/uploads/2024/12/ig.svg,trang-chu-4.webp
https://truongvietanh.com,https://truongvietanh.com/wp-content/uploads/2024/12/phone-call.svg,trang-chu-5.webp
https://truongvietanh.com,https://truongvietanh.com/wp-content/uploads/2024/12/clock.svg,trang-chu-6.webp
https://truongvietanh.com,https://truongvietanh.com/wp-content/uploads/2024/12/welcome-decor.png,trang-chu-7.webp
https://truongvietanh.com,https://truongvietanh.com/wp-content/uploads/2025/11/a_duong-CEO.png,trang-chu-8.webp
https://truongvietanh.com,https://truongvietanh.com/wp-content/uploads/2024/12/big-img-scaled.jpg,trang-chu-9.webp
https://truongvietanh.com,https://truongvietanh.com/wp-content/uploads/2024/12/il-img1.jpg,trang-chu-10.webp
https://truongvietanh.com,https://truongvietanh.com/wp-content/uploads/2024/12/il-ic1.svg,trang-chu-11.webp
https://truongvietanh.com,https://truongvietanh.com/wp-content/uploads/2024/12/big-img2-scaled.jpg,trang-chu-12.webp
https://truongvietanh.com,https://truongvietanh.com/wp-content/uploads/2024/12/il-img2.jpg,trang-chu-13.webp
https://truongvietanh.com,https://truongvietanh.com/wp-content/uploads/2024/12/il-ic2-1.svg,trang-chu-14.webp
https://truongvietanh.com,https://truongvietanh.com/wp-content/uploads/2024/12/big-img3-scaled.jpg,trang-chu-15.webp
https://truongvietanh.com,https://truongvietanh.com/wp-content/uploads/2024/12/il-img3.jpg,trang-chu-16.webp
https://truongvietanh.com,https://truongvietanh.com/wp-content/uploads/2024/12/il-ic3-1.svg,trang-chu-17.webp
https://truongvietanh.com,https://truongvietanh.com/wp-content/uploads/2024/12/train3.jpg,trang-chu-18.webp
https://truongvietanh.com,https://truongvietanh.com/wp-content/uploads/2025/02/train1.jpg,trang-chu-19.webp
https://truongvietanh.com,https://truongvietanh.com/wp-content/uploads/2025/02/train2.jpg,trang-chu-20.webp
https://truongvietanh.com,https://truongvietanh.com/wp-content/uploads/2024/12/adm1.svg,trang-chu-21.webp
https://truongvietanh.com,https://truongvietanh.com/wp-content/uploads/2025/03/DSCF9497-copy-scaled.jpg,trang-chu-22.webp
https://truongvietanh.com,https://truongvietanh.com/wp-content/uploads/2024/12/adm2.svg,trang-chu-23.webp
https://truongvietanh.com,https://truongvietanh.com/wp-content/uploads/2025/03/20230305-DSCF2976-scaled.jpg,trang-chu-24.webp
https://truongvietanh.com,https://truongvietanh.com/wp-content/uploads/2024/12/adm3.svg,trang-chu-25.webp
https://truongvietanh.com,https://truongvietanh.com/wp-content/uploads/2025/03/20230311-DSC08612-scaled.jpg,trang-chu-26.webp
https://truongvietanh.com,https://truongvietanh.com/wp-content/uploads/2024/12/decor-form2.png,trang-chu-27.webp
https://truongvietanh.com,https://truongvietanh.com/wp-content/uploads/2024/12/phone.svg,trang-chu-28.webp
https://truongvietanh.com,https://truongvietanh.com/wp-content/uploads/2024/12/mail.svg,trang-chu-29.webp
https://truongvietanh.com,https://truongvietanh.com/wp-content/uploads/2024/12/ic-fb.svg,trang-chu-30.webp
https://truongvietanh.com,https://truongvietanh.com/wp-content/uploads/2024/12/ic-zalo.svg,trang-chu-31.webp
https://truongvietanh.com,https://truongvietanh.com/wp-content/uploads/2025/11/z7257753408466_c94f68eee92f75f4af8dbbc31237b9ce.jpg,trang-chu-32.webp
https://truongvietanh.com,https://truongvietanh.com/wp-content/uploads/2025/11/z7257735355022_4ed08cdddbe0ebcabc33c99c49ede743.jpg,trang-chu-33.webp
https://truongvietanh.com,https://truongvietanh.com/wp-content/uploads/2025/11/z7257735355652_a6be8285202d78e008c83b3deb1d680f.jpg,trang-chu-34.webp
https://truongvietanh.com,https://truongvietanh.com/wp-content/uploads/2025/11/z7257735381343_c4379bdaa215223c61d65cb040f3e15e-2.jpg,trang-chu-35.webp
https://truongvietanh.com,https://truongvietanh.com/wp-content/uploads/2025/12/Than-Huong-Giang-11A3.jpg,trang-chu-36.webp
https://truongvietanh.com,https://truongvietanh.com/wp-content/uploads/2025/02/gal2.jpg,trang-chu-37.webp
https://truongvietanh.com,https://truongvietanh.com/wp-content/uploads/2025/02/gal1.jpg,trang-chu-38.webp
https://truongvietanh.com,https://truongvietanh.com/wp-content/uploads/2025/02/gallery1-1.jpg,trang-chu-39.webp
https://truongvietanh.com,https://truongvietanh.com/wp-content/uploads/2025/03/menu-img2.png,trang-chu-40.webp
https://truongvietanh.com,https://truongvietanh.com/wp-content/uploads/2025/02/gal4.jpg,trang-chu-41.webp
https://truongvietanh.com,https://truongvietanh.com/wp-content/uploads/2025/03/menu-img4.png,trang-chu-42.webp
https://truongvietanh.com,https://truongvietanh.com/wp-content/uploads/2025/02/gal3.jpg,trang-chu-43.webp
https://truongvietanh.com,https://truongvietanh.com/wp-content/uploads/2025/03/20230311-DSC08503-scaled.jpg,trang-chu-44.webp
https://truongvietanh.com,https://truongvietanh.com/wp-content/uploads/2025/03/421354334_897752079017888_1894685077621159917_n.jpg,trang-chu-45.webp
https://truongvietanh.com,https://truongvietanh.com/wp-content/uploads/2024/11/image-4-edited-2.png,trang-chu-46.webp
https://truongvietanh.com,https://truongvietanh.com/wp-content/uploads/2025/03/20230311-DSC08552-scaled.jpg,trang-chu-47.webp
https://truongvietanh.com,https://truongvietanh.com/wp-content/uploads/2025/03/IMG_9116-lop1-scaled.jpg,trang-chu-48.webp
https://truongvietanh.com,https://truongvietanh.com/wp-content/uploads/2025/03/h2.jpg,trang-chu-49.webp
https://truongvietanh.com,https://truongvietanh.com/wp-content/uploads/2025/03/366702290_786756923450738_839338372653013089_n.jpg,trang-chu-50.webp
https://truongvietanh.com,https://truongvietanh.com/wp-content/uploads/2025/03/1.2.14.jpg,trang-chu-51.webp
https://truongvietanh.com,https://truongvietanh.com/wp-content/uploads/2025/03/1.5.2.jpg,trang-chu-52.webp
https://truongvietanh.com,https://truongvietanh.com/wp-content/uploads/2025/03/1.6.4.jpg,trang-chu-53.webp
https://truongvietanh.com,https://truongvietanh.com/wp-content/uploads/2025/03/1.7.12.jpg,trang-chu-54.webp
https://truongvietanh.com,https://truongvietanh.com/wp-content/uploads/2025/03/32.jpg,trang-chu-55.webp
https://truongvietanh.com,https://truongvietanh.com/wp-content/uploads/2025/03/38.jpg,trang-chu-56.webp
https://truongvietanh.com,https://truongvietanh.com/wp-content/uploads/2025/02/sticky1.png,trang-chu-57.webp
https://truongvietanh.com/%e2%9c%88du-lich-han-quoc-re-nhu-chuyen-di-trong-nuoc-ban-co-tin-khong/,https://truongvietanh.com/wp-content/uploads/2024/12/decor-frame2.png,%e2%9c%88du-lich-han-quoc-re-nhu-chuyen-di-trong-nuoc-ban-co-tin-khong-1.webp
